<?xml version="1.0" encoding="UTF-8"?>
<addon id="plugin.video.streamlive.to"
       name="[COLOR white]Stream[COLOR lime][/COLOR]Live[/COLOR].[COLOR lime]to[/COLOR]"
       version="3.0.0"
       provider-name="[COLOR tan]StreamLive.to[/COLOR] Team">
  <requires>
  	<import addon="xbmc.python" version="3.0.0"/>
    <import addon="script.module.requests" version="1.1.0" />
	<import addon="script.common.plugin.cache" version="2.6.1.1"/>
  </requires>
  <extension point="xbmc.python.pluginsource" library="liLiveTo.py">
  	<provides>video</provides>
  </extension>
  <extension point="xbmc.addon.metadata">
  	<summary>StreamLive.to</summary>
  	<description>You need a Premium account to watch. To log in, right click on this add-on, choose "Add-on settings" > "Account" > "Enable Account" and enter Username and Password</description>
  	<disclaimer>By using this add-on, you  agree that it is permitted in your country.</disclaimer>
  	<language>en</language>
  	<platform>all</platform>
    <forum>http://forum.streamlive.to</forum>
    <website>http://www.streamlive.to</website>
    <source>https://www.streamlive.to</source>
	    <assets>
        <icon>icon.png</icon>
        <fanart>fanart.jpg</fanart>
    </assets>
  </extension>
</addon>
