<?xml version="1.0" encoding="UTF-8"?>
<window>
	<defaultcontrol always="true">9001</defaultcontrol>
	<!-- <onload condition="!Player.Playing">Dialog.Close(9001)</onload> -->
	<!-- <visible>Window.IsActive(FullScreenVideo) + Player.Playing</visible> -->
	<!-- <visible>Player.Playing | Player.HasVideo</visible> -->
	<visible>Window.IsActive(FullScreenVideo)</visible>
	<animation effect="fade" start="0" end="100" time="200">WindowOpen</animation>
	<animation effect="fade" start="100" end="0" time="200">WindowClose</animation>
	<!-- <zorder>0</zorder> -->
	<!-- <coordinates>
		<left>40</left>
		<top>50</top>
		<origin x="100" y="350"></origin>
	</coordinates> -->
	<controls>
		<!-- <control type="image">
			<width>$INFO[System.ScreenWidth]</width>
			<height>$INFO[System.ScreenHeight]</height>
			<texture>debuggrid1080.png</texture>
			<colordiffuse>88ffffff</colordiffuse>
			<visible>True</visible>
		</control> -->
		<control type="grouplist" id="9001">
			<align>right</align>
			<!-- <right>5</right>
			<bottom>350</bottom> -->
			<posx>1700</posx>
			<posy>500</posy>
			<height>240</height>
			<width>300</width>
			<itemgap>15</itemgap>
			<!-- <orientation>horizontal</orientation> -->
			<orientation>vertical</orientation>
			<control type="button" id="201">
				<description>Skip intro</description>
				<width max="300">200</width>
				<height>60</height>
				<font>font12_title</font>
				<label>Skip intro</label>
				<textcolor>FFededed</textcolor>
				<focusedcolor>red</focusedcolor>
				<!-- <focusedcolor>FFededed</focusedcolor>
				<selectedcolor>FFededed</selectedcolor>
				<shadowcolor>66000000</shadowcolor>-->
				<aligny>center</aligny>
				<align>left</align>
				<texturefocus border="10" colordiffuse="B3161618">smallbutton.png</texturefocus>
				<texturenofocus colordiffuse="B3161618">smallbutton.png</texturenofocus>
				<textoffsetx>10</textoffsetx>
			</control>
			<control type="button" id="202">
				<top>75</top>
				<description>Update Skip</description>
				<width max="300">200</width>
				<height>60</height>
				<font>font12_title</font>
				<label>Update Skip</label>
				<textcolor>FFededed</textcolor>
				<focusedcolor>red</focusedcolor>
				<aligny>center</aligny>
				<align>left</align>
				<texturefocus border="10" colordiffuse="B3161618">smallbutton.png</texturefocus>
				<texturenofocus colordiffuse="B3161618">smallbutton.png</texturenofocus>
				<textoffsetx>10</textoffsetx>
			</control>
			<!-- <control type="button" id="210">
				<top>150</top>
				<description>Disable Skip for This Show</description>
				<width max="300">200</width>
				<height>60</height>
				<font>font12_title</font>
				<label>Disable Skip for This Show</label>
				<textcolor>FFededed</textcolor>
				<focusedcolor>red</focusedcolor>
				<aligny>center</aligny>
				<align>left</align>
				<texturefocus border="10" colordiffuse="B3161618">smallbutton.png</texturefocus>  <!-- Color ARGB: B3=70% transparency -->
				<!-- <texturenofocus colordiffuse="B3161618">smallbutton.png</texturenofocus>
				<textoffsetx>10</textoffsetx>
			</control>	 -->	
		</control>
	</controls>
</window>