<?xml version="1.0" encoding="UTF-8"?>
<window>
    <defaultcontrol always="true">9001</defaultcontrol>
    <allowoverlays>false</allowoverlays>
	<coordinates>
        <!-- <left>650</left>
        <top>150</top> -->
		<origin x="650" y="150"></origin>
    </coordinates>
    <controls>
        <control type="group">
			<control type="image">
				<width>$INFO[System.ScreenWidth]</width>
				<height>$INFO[System.ScreenHeight]</height>
				<texture>debuggrid1080.png</texture>
				<colordiffuse>88ffffff</colordiffuse>
				<visible>True</visible>
			</control>
            <control type="image">
                <description>Background Image</description>
				<origin x="650" y="150"></origin>
                <width>700</width>
                <height>600</height>
                <texture border="2">texture.png</texture>
            </control>
            <control type="image">
                <description>Dialog Header image</description>
                <!-- <posx>0</posx>
                <posy>0</posy> -->
				<origin x="650" y="150"></origin>
                <width>700</width>
                <height>50</height>
                <texture colordiffuse="B3161618" border="2">white.png</texture>
            </control>
            <control type="label" id="101">
                <description>header label</description>
                <!-- <posx>0</posx>
                <posy>0</posy> -->
				<origin x="650" y="150"></origin>
                <width>700</width>
                <height>50</height>
                <font>font13_title</font>
                <label>Update Skip options.</label>
                <align>center</align>
                <aligny>center</aligny>
                <shadowcolor>FF000000</shadowcolor>
            </control>
        </control>
        <control type="group" id="9001">
            <posx>0</posx>
			<posy>70</posy>
            <texturefocus border="40" colordiffuse="FF12B2E7">gradient-diffuse-horizontal.png</texturefocus>
            <texturenofocus colordiffuse="ff8fbc8f">gradient-diffuse-horizontal.png</texturenofocus>
			<!-- <origin x="650" y="150"></origin> -->
			<!-- <itemgap>20</itemgap> -->
            <!-- Button Group -->
            <control type="label" id="111">
                <description>Show workaround</description>
				<left>30</left>
				<top>5</top>
                <height>70</height>
				<width>auto</width>
                <align>left</align>
				<textcolor>red</textcolor>
                <textoffsety>30</textoffsety>
                <label>AAAAA:</label>
                <font>font13_title</font>
            </control>
			<control type="radiobutton" id="112">
                <width>300</width>
                <height>50</height>
				<top>85</top>
                <textwidth>250</textwidth>
                <textoffsetx>30</textoffsetx>
                <radioheight>45</radioheight>
                <radioposx>530</radioposx>
                <label>Keep Enable skip</label>
                <font>font13</font>
                <texturefocus colordiffuse="FF666666">RadioButton/MenuItemFO.png</texturefocus>
                <texturenofocus>RadioButton/MenuItemNF.png</texturenofocus>
                <textureradioonfocus colordiffuse="FF12B2E7">RadioButton/radio-on.png</textureradioonfocus>
                <textureradioonnofocus colordiffuse="FF12B2E7">RadioButton/radio-on.png</textureradioonnofocus>
                <textureradioofffocus colordiffuse="FF12B2E7">RadioButton/radio-on.png</textureradioofffocus>
                <textureradiooffnofocus colordiffuse="FF12B2E7">RadioButton/radio-off.png</textureradiooffnofocus>
            </control>
            <control type="group" id="11">
                <top>155</top>
                <height>50</height>
                <control type="label" id="112">
                    <description>Show workaround</description>
                    <left>30</left>
                    <!-- <top>155</top> -->
                    <!-- <height>70</height> -->
                    <width min="29" max="300">auto</width>
                    <align>left</align>
                    <textoffsety>45</textoffsety>
                    <label>Skip value:</label>
                    <font>font13</font>
                    <aligny>center</aligny>
                </control>
                <control type="label" id="113">
                    <description>Slider Value</description>
                    <left>300</left>
                    <!-- <top>155</top> -->
                    <width min="50">auto</width>
                    <!-- <height>50</height> -->
                    <font>font13</font>
                    <label>~:</label>
                    <textcolor>FFF5F5F5</textcolor>
                    <align>right</align>
                    <aligny>center</aligny>
                </control>
                <control type="slider" id="114">
                    <description>Slider</description>
                    <left>400</left>
                    <!-- <top>155</top> -->
                    <width>250</width>
                    <height>30</height>
                    <font>font13</font>
                    <visible>true</visible>
                    <texturesliderbar colordiffuse="ff8fbc8f">Slider/slider_bg.png</texturesliderbar>
                    <textureslidernib colordiffuse="ff8fbc8f">Slider/SliderNibFO.png</textureslidernib>
                    <textureslidernibfocus colordiffuse="ff8fbc8f">Slider/SliderNibNF.png</textureslidernibfocus>
                    <textcolor>FFF0F0F0</textcolor>
                    <info></info>
                    <action></action>
                    <controloffsetx>100</controloffsetx>
                    <controloffsety></controloffsety>
                    <pulseonselect></pulseonselect>
                    <orientation>horizontal</orientation>
                    <aligny>center</aligny>
                </control>
            </control>
            <control type="group" id="12">
                <top>225</top>
                <height>50</height>
                <control type="label" id="122">
                    <description>Show workaround</description>
                    <left>30</left>
                    <!-- <top>155</top> -->
                    <!-- <height>70</height> -->
                    <width min="29" max="300">auto</width>
                    <align>left</align>
                    <textoffsety>45</textoffsety>
                    <label>Skip start value:</label>
                    <font>font13</font>
                    <aligny>center</aligny>
                </control>
                <control type="label" id="123">
                    <description>Slider Value</description>
                    <left>300</left>
                    <!-- <top>155</top> -->
                    <width min="50">auto</width>
                    <!-- <height>50</height> -->
                    <font>font13</font>
                    <label>~:</label>
                    <textcolor>FFF5F5F5</textcolor>
                    <align>right</align>
                    <aligny>center</aligny>
                </control>
				<control type="slider" id="124">
					<description>Slider</description>
					<left>400</left>
					<!-- <top>225</top> -->
					<width>250</width>
					<height>30</height>
					<sliderwidth>100</sliderwidth>
					<sliderheight>20</sliderheight>
					<font>font13</font>
					<visible>true</visible>
					<texturesliderbar border="10,0,10,0">Slider/slider_bg.png</texturesliderbar>
					<textureslidernib border="10,0,10,0">Slider/SliderNibFO.png</textureslidernib>
					<textureslidernibfocus border="10,0,10,0">Slider/SliderNibNF.png</textureslidernibfocus>
					<info></info>
					<action></action>
					<controloffsetx></controloffsetx>
					<controloffsety></controloffsety>
					<pulseonselect></pulseonselect>
					<orientation>horizontal</orientation>
				</control>
			</control>
            <control type="group" id="13">
                <top>295</top>
                <height>50</height>
                <control type="label" id="132">
                    <description>Show workaround</description>
                    <left>30</left>
                    <!-- <top>155</top> -->
                    <!-- <height>70</height> -->
                    <width min="29" max="300">auto</width>
                    <align>left</align>
                    <textoffsety>45</textoffsety>
                    <label>Exit Skip value:</label>
                    <font>font13</font>
                    <aligny>center</aligny>
                </control>
                <control type="label" id="133">
                    <description>Slider Value</description>
                    <left>300</left>
                    <!-- <top>155</top> -->
                    <width min="50">auto</width>
                    <!-- <height>50</height> -->
                    <font>font13</font>
                    <label>~:</label>
                    <textcolor>FFF5F5F5</textcolor>
                    <align>right</align>
                    <aligny>center</aligny>
                </control>
				<control type="slider" id="134">
					<description>Slider</description>
					<left>400</left>
					<!-- <top>225</top> -->
					<width>250</width>
					<height>30</height>
					<sliderwidth>100</sliderwidth>
					<sliderheight>20</sliderheight>
					<font>font13</font>
					<visible>true</visible>
					<texturesliderbar border="10,0,10,0">Slider/slider_bg.png</texturesliderbar>
					<textureslidernib border="10,0,10,0">Slider/SliderNibFO.png</textureslidernib>
					<textureslidernibfocus border="10,0,10,0">Slider/SliderNibNF.png</textureslidernibfocus>
					<info></info>
					<action></action>
					<controloffsetx></controloffsetx>
					<controloffsety></controloffsety>
					<pulseonselect></pulseonselect>
					<orientation>horizontal</orientation>
				</control>
			</control>
            <control type="group" id="20">
                <top>450</top>
                <height>50</height>
                <control type="button" id="121">
                    <left>200</left>
                    <!-- <top>675</top> -->
                    <width>250</width>
                    <!-- <height>90</height> -->
                    <font>font13</font>
                    <textcolor>FFF0F0F0</textcolor>
                    <label>Continue</label>
                    <align>center</align>
                    <aligny>center</aligny>
                    <!-- <onup>9000</onup>
                    <ondown>9000</ondown> -->
                    <texturefocus border="40" colordiffuse="B3161618">testbuttonfo.png</texturefocus>
                    <texturenofocus border="40">testbuttonnf.png</texturenofocus>
                </control>
				<!-- <control type="button" id="122">
					<description>CANCEL button</description>
					<left>100</left>
					<height>70</height>
					<width>200</width>
					<align>center</align>
					<aligny>top</aligny>
					<label>CANCEL</label>
					<font>font13_title</font>
				</control>
				<control type="button" id="123">
					<description>button</description>
					<left>340</left>
					<height>70</height>
					<width>200</width>
					<align>center</align>
					<aligny>top</aligny>
					<label>SEARCH</label>
					<font>font13_title</font>
				</control> -->
            </control>
		</control>
		
    </controls>
</window>
