<?xml version="1.0" encoding="UTF-8" standalone="yes"?>
<addon id="script.language-convert" name="Language Convert" version="0.1.3" provider-name="ronie">
	<requires>
		<import addon="xbmc.python" version="3.0.0"/>
	</requires>
	<extension point="xbmc.python.script" library="default.py">
		<provides>executable</provides>
	</extension>
	<extension point="xbmc.addon.metadata">
		<summary lang="en_GB">Update addon.xml and all language files to the current standard</summary>
		<description lang="en_GB">Update addon.xml and all language files to the current standard</description>
		<platform>all</platform>
		<license>GPL-2.0-only</license>
	</extension>
</addon>
