<?xml version="1.0" encoding="UTF-8" standalone="yes"?>
<addon id="script.module.7of9-swiftstreamz" name="7of9 Swift Streamz HD" version="2.2c" provider-name="RACC">
  <requires>
    <import addon="xbmc.python" version="2.26.0"/>
    <import addon="script.module.pycryptodome" />
    <import addon="script.module.requests" />
    <import addon="script.module.kodi-six" />
    <import addon="script.module.future" />
    <import addon="script.module.routing" />
  </requires>
  <extension point="xbmc.python.pluginsource" library="addon.py">
    <provides>video</provides>
  </extension>
  <extension point="xbmc.addon.metadata">
    <reuselanguageinvoker>true</reuselanguageinvoker>
    <summary lang="en_gb">Cloned for 7of9 users from the Racc TvOne add-on. All credit must go to anyone involved in the Original Code</summary>
    <description lang="en_gb">SwiftStreamz IPTV</description>
    <disclaimer lang="en_gb"></disclaimer>
    <language></language>
    <platform>all</platform>
    <license>GPL-3.0</license>
    <forum></forum>
    <website></website>
    <email></email>
    <source></source>
  </extension>
</addon>
